[
  {
    "name": "ai",
    "count": 1871
  },
  {
    "name": "menu",
    "count": 313
  },
  {
    "name": "ytmp4",
    "count": 283
  },
  {
    "name": "play",
    "count": 492
  },
  {
    "name": "me",
    "count": 261
  },
  {
    "name": "afk",
    "count": 254
  },
  {
    "name": "tt",
    "count": 433
  },
  {
    "name": "ytmp3",
    "count": 503
  },
  {
    "name": "bantuan",
    "count": 434
  },
  {
    "name": "tes",
    "count": 261
  },
  {
    "name": "chatgpt",
    "count": 185
  },
  {
    "name": "hd",
    "count": 382
  },
  {
    "name": "memancing",
    "count": 169
  },
  {
    "name": "hidetag",
    "count": 122
  },
  {
    "name": "delete",
    "count": 143
  },
  {
    "name": "tebakgambar",
    "count": 137
  },
  {
    "name": "d",
    "count": 144
  },
  {
    "name": "jual",
    "count": 125
  },
  {
    "name": "allmenu",
    "count": 161
  },
  {
    "name": ">",
    "count": 88
  },
  {
    "name": "simi",
    "count": 120
  },
  {
    "name": "h",
    "count": 122
  },
  {
    "name": "tiktok",
    "count": 102
  },
  {
    "name": "get",
    "count": 109
  },
  {
    "name": "mining",
    "count": 81
  },
  {
    "name": "yts",
    "count": 75
  },
  {
    "name": "tebakhero",
    "count": 263
  },
  {
    "name": "ytdoc",
    "count": 73
  },
  {
    "name": "ssweb",
    "count": 79
  },
  {
    "name": "adventure",
    "count": 107
  },
  {
    "name": "restart",
    "count": 66
  },
  {
    "name": "ping",
    "count": 64
  },
  {
    "name": "s",
    "count": 95
  },
  {
    "name": "tebakkalimat",
    "count": 59
  },
  {
    "name": "hdr",
    "count": 96
  },
  {
    "name": "ig",
    "count": 166
  },
  {
    "name": "tebakhewan",
    "count": 54
  },
  {
    "name": "heal",
    "count": 59
  },
  {
    "name": "ytsearch",
    "count": 42
  },
  {
    "name": "nyerah",
    "count": 105
  },
  {
    "name": "nsfwmenu",
    "count": 42
  },
  {
    "name": "getcase",
    "count": 140
  },
  {
    "name": "mediafire",
    "count": 57
  },
  {
    "name": "q",
    "count": 46
  },
  {
    "name": "anjing",
    "count": 43
  },
  {
    "name": "meme",
    "count": 290
  },
  {
    "name": "buylimit",
    "count": 36
  },
  {
    "name": "ai2",
    "count": 52
  },
  {
    "name": "cekganteng",
    "count": 37
  },
  {
    "name": "mute",
    "count": 39
  },
  {
    "name": "kick",
    "count": 46
  },
  {
    "name": "jadian",
    "count": 44
  },
  {
    "name": "pin",
    "count": 50
  },
  {
    "name": "tutup",
    "count": 39
  },
  {
    "name": "remini",
    "count": 38
  },
  {
    "name": "tiktoks",
    "count": 30
  },
  {
    "name": "mingguan",
    "count": 58
  },
  {
    "name": "buka",
    "count": 32
  },
  {
    "name": "tebakbendera",
    "count": 45
  },
  {
    "name": "craft",
    "count": 43
  },
  {
    "name": "tourl",
    "count": 33
  },
  {
    "name": "cekhost",
    "count": 25
  },
  {
    "name": "tebaktebakan",
    "count": 27
  },
  {
    "name": "owner",
    "count": 26
  },
  {
    "name": "antidelete",
    "count": 27
  },
  {
    "name": "bulanan",
    "count": 34
  },
  {
    "name": "qc",
    "count": 158
  },
  {
    "name": "tflimit",
    "count": 22
  },
  {
    "name": "cekcantik",
    "count": 31
  },
  {
    "name": "caklontong",
    "count": 25
  },
  {
    "name": "antivirtex",
    "count": 21
  },
  {
    "name": "buygamelimit",
    "count": 29
  },
  {
    "name": "tfgamelimit",
    "count": 20
  },
  {
    "name": "cekpacar",
    "count": 19
  },
  {
    "name": "closetime",
    "count": 19
  },
  {
    "name": "inventory",
    "count": 20
  },
  {
    "name": "delcase",
    "count": 63
  },
  {
    "name": "addcase",
    "count": 79
  },
  {
    "name": "set",
    "count": 53
  },
  {
    "name": "google",
    "count": 19
  },
  {
    "name": "asu",
    "count": 19
  },
  {
    "name": "apakah",
    "count": 63
  },
  {
    "name": "opentime",
    "count": 18
  },
  {
    "name": "igvideo",
    "count": 16
  },
  {
    "name": "pluginmenu",
    "count": 17
  },
  {
    "name": "tebakml",
    "count": 121
  },
  {
    "name": "berlayar",
    "count": 17
  },
  {
    "name": "tebakff",
    "count": 68
  },
  {
    "name": "acc",
    "count": 16
  },
  {
    "name": "antitoxic",
    "count": 17
  },
  {
    "name": "bukajam",
    "count": 22
  },
  {
    "name": "asahotak",
    "count": 23
  },
  {
    "name": "ai3",
    "count": 17
  },
  {
    "name": "rawat",
    "count": 17
  },
  {
    "name": "otp",
    "count": 35
  },
  {
    "name": "tebakkata",
    "count": 68
  },
  {
    "name": "ttnowm",
    "count": 14
  },
  {
    "name": "susunkata",
    "count": 111
  },
  {
    "name": "addprem",
    "count": 21
  },
  {
    "name": "listprem",
    "count": 16
  },
  {
    "name": "get2",
    "count": 16
  },
  {
    "name": "autoai",
    "count": 28
  },
  {
    "name": "fb",
    "count": 12
  },
  {
    "name": "tr",
    "count": 23
  },
  {
    "name": "tan",
    "count": 12
  },
  {
    "name": "tebakgame",
    "count": 18
  },
  {
    "name": "start",
    "count": 11
  },
  {
    "name": "tomp3",
    "count": 14
  },
  {
    "name": "kerja",
    "count": 13
  },
  {
    "name": "tagall",
    "count": 12
  },
  {
    "name": "anonymouschat",
    "count": 11
  },
  {
    "name": "wink",
    "count": 66
  },
  {
    "name": "delstik",
    "count": 10
  },
  {
    "name": "bot",
    "count": 20
  },
  {
    "name": "babi",
    "count": 22
  },
  {
    "name": "add",
    "count": 23
  },
  {
    "name": "limit",
    "count": 82
  },
  {
    "name": "crafting",
    "count": 14
  },
  {
    "name": "addstik",
    "count": 9
  },
  {
    "name": "setppbot",
    "count": 12
  },
  {
    "name": "script",
    "count": 10
  },
  {
    "name": "getpp",
    "count": 11
  },
  {
    "name": "ttmp3",
    "count": 11
  },
  {
    "name": "spotify",
    "count": 8
  },
  {
    "name": "joinrpg",
    "count": 14
  },
  {
    "name": "bodoh",
    "count": 12
  },
  {
    "name": "self",
    "count": 10
  },
  {
    "name": "linkgc",
    "count": 32
  },
  {
    "name": "carbon",
    "count": 13
  },
  {
    "name": "infobot",
    "count": 8
  },
  {
    "name": "sc",
    "count": 10
  },
  {
    "name": "merampok",
    "count": 236
  },
  {
    "name": "clearallpc",
    "count": 7
  },
  {
    "name": "intro",
    "count": 7
  },
  {
    "name": "setprofil",
    "count": 7
  },
  {
    "name": "bokep",
    "count": 8
  },
  {
    "name": "jpm",
    "count": 8
  },
  {
    "name": "ttstalk",
    "count": 8
  },
  {
    "name": "igstalk",
    "count": 22
  },
  {
    "name": "tolol",
    "count": 14
  },
  {
    "name": "tebakbom",
    "count": 24
  },
  {
    "name": "monyet",
    "count": 11
  },
  {
    "name": "antibot",
    "count": 8
  },
  {
    "name": "open",
    "count": 11
  },
  {
    "name": "totalfitur",
    "count": 6
  },
  {
    "name": "cekprem",
    "count": 6
  },
  {
    "name": "gitclone",
    "count": 10
  },
  {
    "name": "smeme",
    "count": 27
  },
  {
    "name": "anonymousmenu",
    "count": 6
  },
  {
    "name": "addlist",
    "count": 12
  },
  {
    "name": "slot",
    "count": 742
  },
  {
    "name": "kickme",
    "count": 6
  },
  {
    "name": "ttaudio",
    "count": 9
  },
  {
    "name": "casino",
    "count": 21
  },
  {
    "name": "setwelcome",
    "count": 7
  },
  {
    "name": "kayu",
    "count": 6
  },
  {
    "name": "downloadmenu",
    "count": 11
  },
  {
    "name": "public",
    "count": 10
  },
  {
    "name": "del",
    "count": 214
  },
  {
    "name": "jarak",
    "count": 6
  },
  {
    "name": "terima",
    "count": 9
  },
  {
    "name": "delsampah",
    "count": 7
  },
  {
    "name": "facebook",
    "count": 6
  },
  {
    "name": "simplemenu",
    "count": 5
  },
  {
    "name": "ghstalk",
    "count": 5
  },
  {
    "name": "fbdl",
    "count": 5
  },
  {
    "name": "daftar",
    "count": 5
  },
  {
    "name": "panelmenu",
    "count": 7
  },
  {
    "name": "infogc",
    "count": 7
  },
  {
    "name": "cuaca",
    "count": 5
  },
  {
    "name": "cekip",
    "count": 8
  },
  {
    "name": "readmore",
    "count": 6
  },
  {
    "name": "toimg",
    "count": 10
  },
  {
    "name": "clearallgc",
    "count": 5
  },
  {
    "name": "spek",
    "count": 5
  },
  {
    "name": "keamanan",
    "count": 7
  },
  {
    "name": "berburu",
    "count": 10
  },
  {
    "name": "liststik",
    "count": 5
  },
  {
    "name": "family100",
    "count": 412
  },
  {
    "name": "ceksifat",
    "count": 5
  },
  {
    "name": "stalkmenu",
    "count": 7
  },
  {
    "name": "tebakaplikasi",
    "count": 78
  },
  {
    "name": "autoaigc",
    "count": 5
  },
  {
    "name": "welcome",
    "count": 5
  },
  {
    "name": "bandwidth",
    "count": 4
  },
  {
    "name": "rpgmenu",
    "count": 9
  },
  {
    "name": "demote",
    "count": 8
  },
  {
    "name": "tiktoks2",
    "count": 4
  },
  {
    "name": "ownermenu",
    "count": 9
  },
  {
    "name": "ttsearch",
    "count": 6
  },
  {
    "name": "searchmenu",
    "count": 5
  },
  {
    "name": "yts2",
    "count": 4
  },
  {
    "name": "remini2",
    "count": 4
  },
  {
    "name": "tf",
    "count": 5
  },
  {
    "name": "gamemenu",
    "count": 28
  },
  {
    "name": "gimage",
    "count": 4
  },
  {
    "name": "device",
    "count": 6
  },
  {
    "name": "mainmenu",
    "count": 4
  },
  {
    "name": "goblok",
    "count": 5
  },
  {
    "name": "gantengcek",
    "count": 14
  },
  {
    "name": "bekerja",
    "count": 55
  },
  {
    "name": "api",
    "count": 4
  },
  {
    "name": "ero",
    "count": 5
  },
  {
    "name": "grupmenu",
    "count": 11
  },
  {
    "name": "gfl",
    "count": 4
  },
  {
    "name": "ceklimit",
    "count": 4
  },
  {
    "name": "putus",
    "count": 6
  },
  {
    "name": "chatgpt2",
    "count": 4
  },
  {
    "name": "imagemenu",
    "count": 6
  },
  {
    "name": "evalmenu",
    "count": 5
  },
  {
    "name": "prefix",
    "count": 4
  },
  {
    "name": "saldo",
    "count": 185
  },
  {
    "name": "yt",
    "count": 7
  },
  {
    "name": "getgc",
    "count": 5
  },
  {
    "name": "addowner",
    "count": 6
  },
  {
    "name": "autodl",
    "count": 6
  },
  {
    "name": "tutupjam",
    "count": 9
  },
  {
    "name": "help",
    "count": 4
  },
  {
    "name": "nokos",
    "count": 168
  },
  {
    "name": "spotifysearch",
    "count": 4
  },
  {
    "name": "bugmenu",
    "count": 3
  },
  {
    "name": "masadepan",
    "count": 23
  },
  {
    "name": "promote",
    "count": 6
  },
  {
    "name": "info",
    "count": 3
  },
  {
    "name": "subdo",
    "count": 3
  },
  {
    "name": "pm",
    "count": 9
  },
  {
    "name": "antivo",
    "count": 3
  },
  {
    "name": "setppbot2",
    "count": 3
  },
  {
    "name": "getname",
    "count": 8
  },
  {
    "name": "funmenu",
    "count": 5
  },
  {
    "name": "cantikcek",
    "count": 13
  },
  {
    "name": "tambah",
    "count": 3
  },
  {
    "name": "lanjut",
    "count": 5
  },
  {
    "name": "ephotomenu",
    "count": 5
  },
  {
    "name": "ipwhois",
    "count": 3
  },
  {
    "name": "close",
    "count": 5
  },
  {
    "name": "hpdetail",
    "count": 3
  },
  {
    "name": "wm",
    "count": 10
  },
  {
    "name": "buy",
    "count": 56
  },
  {
    "name": "ttt",
    "count": 3
  },
  {
    "name": "ocr",
    "count": 28
  },
  {
    "name": "attack",
    "count": 7
  },
  {
    "name": "tebaklogo",
    "count": 4
  },
  {
    "name": "cewekasiamenu",
    "count": 3
  },
  {
    "name": "bocil",
    "count": 4
  },
  {
    "name": "asupan",
    "count": 4
  },
  {
    "name": "autoread",
    "count": 3
  },
  {
    "name": "report",
    "count": 3
  },
  {
    "name": "fitnah",
    "count": 14
  },
  {
    "name": "request",
    "count": 3
  },
  {
    "name": "oi",
    "count": 4
  },
  {
    "name": "rvo",
    "count": 7
  },
  {
    "name": "menfess",
    "count": 4
  },
  {
    "name": "textmenu",
    "count": 4
  },
  {
    "name": "ytv",
    "count": 3
  },
  {
    "name": "delowner",
    "count": 3
  },
  {
    "name": "cekhp",
    "count": 3
  },
  {
    "name": "antivideo",
    "count": 3
  },
  {
    "name": "aimenu",
    "count": 10
  },
  {
    "name": "revoke",
    "count": 3
  },
  {
    "name": "addfun",
    "count": 12
  },
  {
    "name": "addb",
    "count": 3
  },
  {
    "name": "antilink",
    "count": 5
  },
  {
    "name": "setopen",
    "count": 3
  },
  {
    "name": "goodbye",
    "count": 4
  },
  {
    "name": "tiktoksearch",
    "count": 3
  },
  {
    "name": "ulartangga",
    "count": 55
  },
  {
    "name": "dashboard",
    "count": 2
  },
  {
    "name": "rules",
    "count": 2
  },
  {
    "name": "register",
    "count": 3
  },
  {
    "name": "regmail",
    "count": 4
  },
  {
    "name": "drive",
    "count": 2
  },
  {
    "name": "sewa",
    "count": 11
  },
  {
    "name": "tester",
    "count": 6
  },
  {
    "name": "totalfiture",
    "count": 2
  },
  {
    "name": "math",
    "count": 21
  },
  {
    "name": "antiimage",
    "count": 2
  },
  {
    "name": "dm",
    "count": 2
  },
  {
    "name": "china",
    "count": 3
  },
  {
    "name": "groupmenu",
    "count": 2
  },
  {
    "name": "autoaijapri",
    "count": 2
  },
  {
    "name": "keluar",
    "count": 2
  },
  {
    "name": "pinterest",
    "count": 28
  },
  {
    "name": "test",
    "count": 5
  },
  {
    "name": "linkgrup",
    "count": 2
  },
  {
    "name": "mulai",
    "count": 3
  },
  {
    "name": "redeem",
    "count": 8
  },
  {
    "name": "instagram",
    "count": 2
  },
  {
    "name": "capcut",
    "count": 2
  },
  {
    "name": "tebakjkt48",
    "count": 12
  },
  {
    "name": "ceksewa",
    "count": 2
  },
  {
    "name": "stiker",
    "count": 2
  },
  {
    "name": "cekkodam",
    "count": 13
  },
  {
    "name": "asupanmenu",
    "count": 2
  },
  {
    "name": "hinata",
    "count": 2
  },
  {
    "name": "blok",
    "count": 2
  },
  {
    "name": "listgc",
    "count": 3
  },
  {
    "name": "menfes",
    "count": 2
  },
  {
    "name": "bego",
    "count": 3
  },
  {
    "name": "bagi",
    "count": 5
  },
  {
    "name": "tebakhero2",
    "count": 13
  },
  {
    "name": "tandai",
    "count": 2
  },
  {
    "name": "unban",
    "count": 2
  },
  {
    "name": "emojimix",
    "count": 2
  },
  {
    "name": "lirik",
    "count": 14
  },
  {
    "name": "suit",
    "count": 21
  },
  {
    "name": "toaudio",
    "count": 3
  },
  {
    "name": "tovn",
    "count": 2
  },
  {
    "name": "tebakkabupaten",
    "count": 2
  },
  {
    "name": "antipolling",
    "count": 2
  },
  {
    "name": "tolak",
    "count": 2
  },
  {
    "name": "masadepannya",
    "count": 2
  },
  {
    "name": "gconly",
    "count": 6
  },
  {
    "name": "delsampah2",
    "count": 2
  },
  {
    "name": "setp",
    "count": 2
  },
  {
    "name": "addimage",
    "count": 2
  },
  {
    "name": "gdrive",
    "count": 5
  },
  {
    "name": "ffstalk",
    "count": 3
  },
  {
    "name": "1917style",
    "count": 6
  },
  {
    "name": "typographytext",
    "count": 2
  },
  {
    "name": "clearsesi",
    "count": 2
  },
  {
    "name": "delchat",
    "count": 2
  },
  {
    "name": "galaxywallpaper",
    "count": 2
  },
  {
    "name": "kapak",
    "count": 2
  },
  {
    "name": "image",
    "count": 2
  },
  {
    "name": "listsrv",
    "count": 3
  },
  {
    "name": "antisticker",
    "count": 2
  },
  {
    "name": "setclose",
    "count": 2
  },
  {
    "name": "upscale",
    "count": 2
  },
  {
    "name": "autosholat",
    "count": 5
  },
  {
    "name": "kuis",
    "count": 1
  },
  {
    "name": "spy",
    "count": 31
  },
  {
    "name": "regcode",
    "count": 1
  },
  {
    "name": "db",
    "count": 1
  },
  {
    "name": "katalog",
    "count": 2
  },
  {
    "name": "buyprem",
    "count": 3
  },
  {
    "name": "sewabot",
    "count": 2
  },
  {
    "name": "cekbandwidth",
    "count": 1
  },
  {
    "name": "blowjob",
    "count": 1
  },
  {
    "name": "dellist",
    "count": 5
  },
  {
    "name": "pussy",
    "count": 1
  },
  {
    "name": "topglobal",
    "count": 2
  },
  {
    "name": "igphoto",
    "count": 1
  },
  {
    "name": "randomquotes",
    "count": 1
  },
  {
    "name": "tebaklirik",
    "count": 8
  },
  {
    "name": "cum",
    "count": 1
  },
  {
    "name": "time",
    "count": 1
  },
  {
    "name": "zettai",
    "count": 1
  },
  {
    "name": "next",
    "count": 1
  },
  {
    "name": "sendprofil",
    "count": 1
  },
  {
    "name": "leave",
    "count": 1
  },
  {
    "name": "lesby",
    "count": 1
  },
  {
    "name": "profil",
    "count": 1
  },
  {
    "name": "delttt",
    "count": 1
  },
  {
    "name": "korea",
    "count": 1
  },
  {
    "name": "whois",
    "count": 1
  },
  {
    "name": "reset",
    "count": 1
  },
  {
    "name": "tebaksiapa",
    "count": 4
  },
  {
    "name": "lengkapikalimat",
    "count": 1
  },
  {
    "name": "cekasalmember",
    "count": 2
  },
  {
    "name": "hentai",
    "count": 1
  },
  {
    "name": "getmusic",
    "count": 1
  },
  {
    "name": "igstory",
    "count": 3
  },
  {
    "name": "listwl",
    "count": 1
  },
  {
    "name": "listblok",
    "count": 1
  },
  {
    "name": "listcase",
    "count": 2
  },
  {
    "name": "tebakchara",
    "count": 6
  },
  {
    "name": "islamimenu",
    "count": 9
  },
  {
    "name": "galau",
    "count": 26
  },
  {
    "name": "katacinta",
    "count": 2
  },
  {
    "name": "bisakah",
    "count": 1
  },
  {
    "name": "asmaulhusna",
    "count": 2
  },
  {
    "name": "getch",
    "count": 9
  },
  {
    "name": "unblacklist",
    "count": 1
  },
  {
    "name": "bcaudio",
    "count": 1
  },
  {
    "name": "spotifys",
    "count": 1
  },
  {
    "name": "backup",
    "count": 2
  },
  {
    "name": "readvo",
    "count": 1
  },
  {
    "name": "savefile",
    "count": 23
  },
  {
    "name": "nsfw",
    "count": 3
  },
  {
    "name": "tebakanime",
    "count": 25
  },
  {
    "name": "suitpvp",
    "count": 5
  },
  {
    "name": "yta",
    "count": 1
  },
  {
    "name": "ceksubdo",
    "count": 1
  },
  {
    "name": "pin2",
    "count": 1
  },
  {
    "name": "mathgame",
    "count": 4
  },
  {
    "name": "gifs",
    "count": 2
  },
  {
    "name": "sound1",
    "count": 1
  },
  {
    "name": "pinterest2",
    "count": 3
  },
  {
    "name": "listpc",
    "count": 1
  },
  {
    "name": "tekateki",
    "count": 2
  },
  {
    "name": "tts",
    "count": 1
  },
  {
    "name": "recolor",
    "count": 1
  },
  {
    "name": "ytcomment",
    "count": 5
  },
  {
    "name": "leavegc",
    "count": 1
  },
  {
    "name": "yatim",
    "count": 11
  },
  {
    "name": "logomaker",
    "count": 1
  },
  {
    "name": "royaltext",
    "count": 3
  },
  {
    "name": "luxurygold",
    "count": 1
  },
  {
    "name": "makingneon",
    "count": 1
  },
  {
    "name": "mfdl",
    "count": 1
  },
  {
    "name": "sampah",
    "count": 1
  },
  {
    "name": "kurang",
    "count": 2
  },
  {
    "name": "spotifydl",
    "count": 1
  },
  {
    "name": "captcha",
    "count": 2
  },
  {
    "name": "ytvideo",
    "count": 1
  },
  {
    "name": "addfunction",
    "count": 1
  },
  {
    "name": "nobg",
    "count": 1
  },
  {
    "name": "setan",
    "count": 12
  },
  {
    "name": "kayes",
    "count": 1
  },
  {
    "name": "getid",
    "count": 1
  },
  {
    "name": "join",
    "count": 3
  },
  {
    "name": "pppanjang",
    "count": 1
  },
  {
    "name": "bl",
    "count": 1
  },
  {
    "name": "ban",
    "count": 2
  },
  {
    "name": "delsrv",
    "count": 1
  },
  {
    "name": "kuruang",
    "count": 1
  },
  {
    "name": "quoted",
    "count": 1
  },
  {
    "name": "setsubject",
    "count": 1
  },
  {
    "name": "setleft",
    "count": 1
  },
  {
    "name": "bdsm",
    "count": 1
  },
  {
    "name": "kali",
    "count": 4
  },
  {
    "name": "ttslide",
    "count": 1
  },
  {
    "name": "aidrawing",
    "count": 4
  },
  {
    "name": "tiktokaudio",
    "count": 1
  },
  {
    "name": "convertmenu",
    "count": 1
  },
  {
    "name": "antipromosi",
    "count": 1
  },
  {
    "name": "50gb",
    "count": 1
  },
  {
    "name": "addcmd",
    "count": 1
  },
  {
    "name": "gpt",
    "count": 185
  },
  {
    "name": "10gb",
    "count": 1
  },
  {
    "name": "5gb",
    "count": 7
  },
  {
    "name": "listban",
    "count": 4
  },
  {
    "name": "addpremium",
    "count": 1
  },
  {
    "name": "addsewa",
    "count": 6
  },
  {
    "name": "listsewa",
    "count": 5
  },
  {
    "name": "redeemset",
    "count": 5
  },
  {
    "name": "bcgc",
    "count": 5
  },
  {
    "name": "balance",
    "count": 2
  },
  {
    "name": "tictactoe",
    "count": 22
  },
  {
    "name": "pantun",
    "count": 21
  },
  {
    "name": "puisi",
    "count": 1
  },
  {
    "name": "cekkhodam",
    "count": 35
  },
  {
    "name": "autorespond",
    "count": 1
  },
  {
    "name": "liriklagu",
    "count": 6
  },
  {
    "name": "orgy",
    "count": 1
  },
  {
    "name": "manga",
    "count": 2
  },
  {
    "name": "upaudio",
    "count": 10
  },
  {
    "name": "tebakkimia",
    "count": 25
  },
  {
    "name": "upmp3",
    "count": 2
  },
  {
    "name": "audio",
    "count": 8
  },
  {
    "name": "janda",
    "count": 2
  },
  {
    "name": "kuli",
    "count": 1
  },
  {
    "name": "mancing",
    "count": 21
  },
  {
    "name": "profile",
    "count": 15
  },
  {
    "name": "nebang",
    "count": 7
  },
  {
    "name": "removebg",
    "count": 16
  },
  {
    "name": "beli",
    "count": 18
  },
  {
    "name": "bucin",
    "count": 1
  },
  {
    "name": "katailham",
    "count": 2
  },
  {
    "name": "brat",
    "count": 201
  },
  {
    "name": "kapankah",
    "count": 50
  },
  {
    "name": "ziell",
    "count": 1
  },
  {
    "name": "stickermenu",
    "count": 6
  },
  {
    "name": "kucing",
    "count": 1
  },
  {
    "name": "pantek",
    "count": 6
  },
  {
    "name": "lesbicek",
    "count": 6
  },
  {
    "name": "ukhty",
    "count": 1
  },
  {
    "name": "randomquran",
    "count": 1
  },
  {
    "name": "antibot2",
    "count": 1
  },
  {
    "name": "cacat",
    "count": 2
  },
  {
    "name": "sange",
    "count": 2
  },
  {
    "name": "dakjal",
    "count": 2
  },
  {
    "name": "perawan",
    "count": 9
  },
  {
    "name": "rate",
    "count": 22
  },
  {
    "name": "bajingan",
    "count": 2
  },
  {
    "name": "horny",
    "count": 1
  },
  {
    "name": "piatu",
    "count": 4
  },
  {
    "name": "kapal",
    "count": 2
  },
  {
    "name": "iblis",
    "count": 2
  },
  {
    "name": "confess",
    "count": 1
  },
  {
    "name": "gangbang",
    "count": 1
  },
  {
    "name": "bcimage",
    "count": 2
  },
  {
    "name": "ceklesbi",
    "count": 1
  },
  {
    "name": "1gb",
    "count": 1
  },
  {
    "name": "eaa4ee777d5839f97f4c2",
    "count": 2
  },
  {
    "name": "services",
    "count": 1
  },
  {
    "name": "quotes",
    "count": 1
  },
  {
    "name": "react",
    "count": 3
  },
  {
    "name": "gay",
    "count": 4
  },
  {
    "name": "bangsat",
    "count": 2
  },
  {
    "name": "bangke",
    "count": 1
  },
  {
    "name": "sangecek",
    "count": 2
  },
  {
    "name": "glitchtext",
    "count": 2
  },
  {
    "name": "storemenu",
    "count": 3
  },
  {
    "name": "list",
    "count": 11
  },
  {
    "name": "ttp",
    "count": 1
  },
  {
    "name": "stickermeme",
    "count": 2
  },
  {
    "name": "menebang",
    "count": 3
  },
  {
    "name": "rampok",
    "count": 9
  },
  {
    "name": "pedagang",
    "count": 3
  },
  {
    "name": "status",
    "count": 1
  },
  {
    "name": "store",
    "count": 4
  },
  {
    "name": "linkch",
    "count": 1
  },
  {
    "name": "upimage",
    "count": 9
  },
  {
    "name": "upvideo",
    "count": 10
  },
  {
    "name": "uptext",
    "count": 1
  },
  {
    "name": "dino-kuning",
    "count": 8
  },
  {
    "name": "bingimage",
    "count": 3
  },
  {
    "name": "zpay",
    "count": 2
  },
  {
    "name": "antiwame2",
    "count": 2
  },
  {
    "name": "anomali",
    "count": 87
  },
  {
    "name": "waktu",
    "count": 1
  },
  {
    "name": "sangean",
    "count": 2
  },
  {
    "name": "puki",
    "count": 1
  },
  {
    "name": "cekweb",
    "count": 2
  },
  {
    "name": "transfer",
    "count": 15
  },
  {
    "name": "balancemenu",
    "count": 1
  },
  {
    "name": "addbalance",
    "count": 3
  },
  {
    "name": "transferlimit",
    "count": 3
  },
  {
    "name": "werewolf",
    "count": 1
  },
  {
    "name": "santuy",
    "count": 3
  },
  {
    "name": "darkjokes",
    "count": 12
  },
  {
    "name": "boruto",
    "count": 1
  },
  {
    "name": "elaina",
    "count": 1
  },
  {
    "name": "miku",
    "count": 1
  },
  {
    "name": "kaori",
    "count": 1
  },
  {
    "name": "sagiri",
    "count": 1
  },
  {
    "name": "naruto",
    "count": 1
  },
  {
    "name": "minato",
    "count": 1
  },
  {
    "name": "$",
    "count": 1
  },
  {
    "name": "faktaunik",
    "count": 9
  },
  {
    "name": "ceritahoror",
    "count": 1
  },
  {
    "name": "awoawo",
    "count": 6
  },
  {
    "name": "sticker",
    "count": 1
  },
  {
    "name": "fanart",
    "count": 1
  },
  {
    "name": "bass",
    "count": 1
  },
  {
    "name": "wangy",
    "count": 1
  },
  {
    "name": "pintar",
    "count": 6
  },
  {
    "name": "kagura",
    "count": 1
  },
  {
    "name": "onepiece",
    "count": 1
  },
  {
    "name": "emas",
    "count": 2
  },
  {
    "name": "sell",
    "count": 12
  },
  {
    "name": "addaudio",
    "count": 1
  },
  {
    "name": "doge",
    "count": 6
  },
  {
    "name": "nightcore",
    "count": 1
  },
  {
    "name": "lighteffects",
    "count": 2
  },
  {
    "name": "watercolortext",
    "count": 1
  },
  {
    "name": "hd2",
    "count": 2
  },
  {
    "name": "smooth",
    "count": 1
  },
  {
    "name": "galaxystyle",
    "count": 2
  },
  {
    "name": "cartoonstyle",
    "count": 1
  },
  {
    "name": "hdr2",
    "count": 1
  },
  {
    "name": "addlimit",
    "count": 1
  },
  {
    "name": "faceswap",
    "count": 1
  },
  {
    "name": "cogan",
    "count": 3
  },
  {
    "name": "mlstalk",
    "count": 5
  },
  {
    "name": "bingimg",
    "count": 6
  },
  {
    "name": "deltebakbom",
    "count": 3
  },
  {
    "name": "gaycek",
    "count": 3
  },
  {
    "name": "yuki",
    "count": 1
  },
  {
    "name": "updatelist",
    "count": 1
  },
  {
    "name": "addstiker",
    "count": 3
  },
  {
    "name": "meow",
    "count": 1
  },
  {
    "name": "img2img",
    "count": 2
  },
  {
    "name": "hedsot",
    "count": 3
  },
  {
    "name": "setppgc",
    "count": 5
  },
  {
    "name": "capcutsearch",
    "count": 2
  },
  {
    "name": "capcutsearch2",
    "count": 1
  },
  {
    "name": "asmaulhusna2",
    "count": 2
  },
  {
    "name": "listsurah",
    "count": 1
  },
  {
    "name": "quranaudio",
    "count": 2
  },
  {
    "name": "neko",
    "count": 1
  },
  {
    "name": "woi",
    "count": 6
  },
  {
    "name": "left",
    "count": 1
  },
  {
    "name": "depo",
    "count": 10
  },
  {
    "name": "cancel",
    "count": 9
  },
  {
    "name": "games",
    "count": 2
  },
  {
    "name": "wdp",
    "count": 1
  },
  {
    "name": "order",
    "count": 1
  },
  {
    "name": "getsc",
    "count": 4
  },
  {
    "name": "mlstalkv2",
    "count": 5
  },
  {
    "name": "patrick",
    "count": 1
  },
  {
    "name": "listbl",
    "count": 1
  },
  {
    "name": "autoswview",
    "count": 2
  },
  {
    "name": "autoreadsw",
    "count": 2
  },
  {
    "name": "donate",
    "count": 1
  },
  {
    "name": "getfile",
    "count": 2
  }
]