{
  "owner": {
    "number": [
      "6283897159514@s.whatsapp.net",
      "6283897159514@s.whatsapp.net",
      "6283897159514@s.whatsapp.net",
      "6283897159514@s.whatsapp.net"
    ],
    "nomor": "6283897159514@s.whatsapp.net",
    "name": "ziell"
  },
  "links": {
    "tiktok": "https://",
    "instagram": "-",
    "channel": "https://whatsapp.com/channel/0029Var1WISB4hdbpBwZhh2N",
    "group": "https://chat.whatsapp.com/HK3aDQma8OyFHumFqNWj1Z",
    "website": "https://www.ziellackles.my.id"
  },
  "bots": {
    "nameFull": "Ziell MD",
    "nameCall": "Ziell Bot",
    "footer": "© 2024 • Ziell Official",
    "session": "session",
    "style": "v1",
    "welcomeType": "v1",
    "title": "Z Team • ChatBot",
    "menu": "------------ » *BOT INFO* « ------------\n\n┌━━━━━━━━━━┈─✧\n│ *❒ Bot Name :* @botname\n│ *❒ Prefix :* [ @prefix ]\n│ *❒ Jam :* @jam\n│ *❒ Total Fitur:* @totalfitur Fitur\n│ *❒ Total Error:* 4 Fitur\n│ *❒ Version :* 10.0\n├━━━━━━━━━━┈─⋆\n┴ ▸ *User:* @pushname\n┬ ▸ *Your Device:* @device\n└━━━━━━━━━━┈─◂",
    "pairing": true,
    "idsaluran": "120363346592307355@newsletter",
    "namasaluran": "Z Team (Ziell Multidevice)"
  },
  "mediaPath": {
    "donasi": "https://pomf2.lain.la/f/xq4lbsku.jpg",
    "thumbnail": "https://pomf2.lain.la/f/z7qfkiwi.jpg",
    "audioMenu": "url pomf",
    "audioOwner": "url pomf"
  },
  "ptero": {
    "links": "kell-private.panel-gacor.dansya.xyz",
    "plta": "ptla_yCGinKTvl8WTBfznWbVIOvL81sHKGY9hfjB9SQ8AC0v",
    "pltc": "ptlc_ulUuPX0Ta1HHu51SaYzlnjJqZcEn5bKKlfnLOXegBEX",
    "eggs": 15,
    "nets": 5,
    "location": 1
  },
  "apikey": {
    "skizo": "rafael",
    "zeeone": "gak usah isi, gak perlu",
    "atlantic": "SmHudsXq5kbj1x4j06JKdAzHZ12EhKdlpBp7HcZJCG3nMfDUKJj6bnRvIky6cpAwz0fzpSEpA0fhNZem1Pe9ZnUK9MAg7vNWFUPv",
    "untung": 3,
    "lolhuman": "sama, pajangan doang",
    "neoxr": "panjangan",
    "otpku": "9ed1fc97b99d631f8e6678e277079e71"
  },
  "general": {
    "prefix": true,
    "audioOwner": false,
    "audioMenu": false,
    "autoWelcome": false,
    "autoLeave": false,
    "autoBackup": true,
    "autoBio": false,
    "autoOpenClose": false,
    "autoReadSw": true,
    "autoRespond": true,
    "autoBlock212": false,
    "autoRead": true,
    "autoSholat": true,
    "antiViewOnce": false,
    "antiDelete": false,
    "antiCall": false,
    "onlyRegister": false,
    "notifRegister": true,
    "grupOnly": true,
    "privateOnly": false
  },
  "count": {
    "toxic": 5,
    "antiLink": 5,
    "limit": {
      "premium": 100000,
      "free": 20
    },
    "game": {
      "premium": 500,
      "free": 20
    }
  },
  "reward": {
    "game": 5000,
    "timeGame": 120000
  },
  "mess": {
    "wait": "*Loading...*",
    "error": {
      "input": "Query yang kamu berikan tidak valid",
      "api": "Ups, terjadi kesalahan pada botkey, silahkan hubungi owner untuk memperbaikinya",
      "bot": "Terjadi kesalahan"
    },
    "OnlyGrup": "Command Khusus Grup!!",
    "OnlyPM": "Command Khusus Private Chat!!",
    "GrupAdmin": "Khusus Admin Grup!!",
    "BotAdmin": "Bot Harus menjadi admin",
    "OnlyOwner": "Khusus Owner Bot!!",
    "OnlyPrem": "Khusus VIP User!!"
  }
}