{
  "owner": {
    "number": [
      "33221850588@s.whatsapp.net",
      "33221850588@s.whatsapp.net",
      "33221850588@s.whatsapp.net"
    ],
    "nomor": "33221850588@s.whatsapp.net",
    "name": "Ziell Acklesmith."
  },
  "links": {
    "tiktok": "https://",
    "instagram": "-",
    "channel": "https://whatsapp.com/channel/0029Vaf0HPMLdQeZsp3XRp2T",
    "group": "-",
    "website": "https://www.ziellackles.my.id"
  },
  "bots": {
    "nameFull": "Paimon Assistant.",
    "nameCall": "Paimon",
    "footer": "© 2024 • ZX Team",
    "session": "session",
    "style": "v1",
    "welcomeType": "v1",
    "title": "ZX Team • ChatBot",
    "menu": "------------ » *BOT INFO* « ------------\n\n┌━━━━━━━━━━┈─✧\n│ *☏ Bot Name :* @botname\n│ *♙ Prefix :* [ @prefix ]\n│ *₪ Jam :* @jam\n│ *▨ Total Fitur:* @totalfitur Fitur\n│ *⚿ Total Error:* 4 Fitur\n│ *♗ Version :* 7.8.0\n├━━━━━━━━━━┈─⋆\n┴ ▸ *User:* @pushname\n┬ ▸ *Your Device:* @device\n└━━━━━━━━━━┈─◂",
    "pairing": true,
    "idsaluran": "120363346592307355@newsletter",
    "namasaluran": "[ Paimon Assistant ]"
  },
  "mediaPath": {
    "donasi": "linkurl pomf lu",
    "thumbnail": "https://files.catbox.moe/nsjz6z.jpg",
    "audioMenu": "url pomf",
    "audioOwner": "url pomf"
  },
  "ptero": {
    "links": "https://rxzteam.panel-gacor.dansya.xyz",
    "plta": "ptla_yCGinKTvl8WTBfznWbVIOvL81sHKGY9hfjB9SQ8AC0v",
    "pltc": "ptlc_ulUuPX0Ta1HHu51SaYzlnjJqZcEn5bKKlfnLOXegBEX",
    "eggs": 15,
    "nets": 5,
    "location": 1
  },
  "apikey": {
    "skizo": "rafael",
    "zeeone": "gak usah isi, gak perlu",
    "lolhuman": "sama, pajangan doang",
    "neoxr": "panjangan",
    "atlantic": "samudra brakakakak",
    "otpku": "neyX9qEzgItWUihaO4r7SY6VFPABs3"
  },
  "general": {
    "prefix": true,
    "audioOwner": false,
    "audioMenu": false,
    "autoWelcome": false,
    "autoLeave": false,
    "autoBackup": false,
    "autoBio": false,
    "autoRespond": false,
    "autoBlock212": false,
    "autoRead": true,
    "autoSholat": true,
    "antiViewOnce": false,
    "antiDelete": false,
    "antiCall": false,
    "onlyRegister": false,
    "notifRegister": true,
    "grupOnly": true,
    "privateOnly": false
  },
  "count": {
    "toxic": 5,
    "antiLink": 5,
    "limit": {
      "premium": 100000,
      "free": 30
    },
    "game": {
      "premium": 500,
      "free": 25
    }
  },
  "reward": {
    "game": 7000,
    "timeGame": 120000
  },
  "mess": {
    "wait": "*Loading...*",
    "error": {
      "input": "Query yang kamu berikan tidak valid",
      "api": "Ups, terjadi kesalahan pada botkey, silahkan hubungi owner untuk memperbaikinya",
      "bot": "Terjadi kesalahan",
      "done": "*Succes!*"
    },
    "OnlyGrup": "Command Khusus Grup!!",
    "OnlyPM": "Command Khusus Private Chat!!",
    "GrupAdmin": "Khusus Admin Grup!!",
    "BotAdmin": "Bot Harus menjadi admin",
    "OnlyOwner": "Khusus Owner Bot!!",
    "OnlyPrem": "Khusus VIP User!!"
  }
}